Serial Number,LD,Text,Tint,Bias(mA),Ramp(mA),Center_Wavelength(nm),Peak_Wavelength(nm)
AAA249,2,30.0,45.0,0.0,200.0,978.4523201846052,979.08
AAA249,2,30.0,45.0,0.0,300.0,979.338684390343,980.4
AAA249,2,30.0,45.0,0.0,400.0,980.4361948076654,980.94
AAA249,2,30.0,45.0,0.0,500.0,981.10037671733,981.96
AAA249,2,30.0,45.0,0.0,600.0,981.7355765686559,981.96
AAA249,2,30.0,45.0,0.0,700.0,982.593054574061,983.34
AAA249,2,30.0,45.0,0.0,800.0,983.3324855033378,984.0
AAA249,2,30.0,45.0,0.0,900.0,983.83079027661,984.6
AAA249,2,30.0,45.0,0.0,1000.0,984.5423294738449,985.74
AAA249,2,30.0,45.0,0.0,1100.0,985.4119120807566,986.16
AAA249,2,30.0,45.0,0.0,1200.0,985.8667821202564,986.4
AAA249,2,30.0,45.0,0.0,1300.0,986.407467716778,987.18
AAA249,2,30.0,45.0,0.0,1400.0,986.9324733318556,987.72
AAA249,2,30.0,45.0,0.0,1500.0,987.5788828672617,988.62
AAA249,2,30.0,45.0,0.0,1600.0,988.1334843838599,989.1
AAA249,2,30.0,45.0,0.0,1700.0,988.7735136718227,989.94
AAA249,2,30.0,45.0,0.0,1800.0,989.5741652899486,990.6
AAA249,2,30.0,45.0,900.0,200.0,978.4532296597976,979.08
AAA249,2,30.0,45.0,900.0,300.0,979.2293422660991,979.86
AAA249,2,30.0,45.0,900.0,400.0,980.0095997786625,980.52
AAA249,2,30.0,45.0,900.0,500.0,981.2476145415537,981.96
AAA249,2,30.0,45.0,900.0,600.0,981.7622760716239,982.38
AAA249,2,30.0,45.0,900.0,700.0,982.5572412661061,983.28
AAA249,2,30.0,45.0,900.0,800.0,983.1988605875339,983.7
AAA249,2,30.0,45.0,900.0,900.0,983.876728857325,984.72
AAA249,2,30.0,45.0,900.0,1000.0,984.6104966500641,985.68
AAA249,2,30.0,45.0,900.0,1100.0,985.2849603586483,986.16
AAA249,2,30.0,45.0,900.0,1200.0,985.82971279096,986.58
AAA249,2,30.0,45.0,900.0,1300.0,986.4094536645881,987.3
AAA249,2,30.0,45.0,900.0,1400.0,986.9423665136273,987.72
AAA249,2,30.0,45.0,900.0,1500.0,987.5471262993839,988.62
AAA249,2,30.0,45.0,900.0,1600.0,988.1356842768464,989.1
AAA249,2,30.0,45.0,900.0,1700.0,988.7776728272902,989.94
AAA249,2,30.0,45.0,900.0,1800.0,989.4113912868527,990.54
AAA249,2,30.0,45.0,1800.0,200.0,978.26926825199,978.66
AAA249,2,30.0,45.0,1800.0,300.0,979.4481422222984,980.22
AAA249,2,30.0,45.0,1800.0,400.0,980.0568475185236,980.28
AAA249,2,30.0,45.0,1800.0,500.0,980.8869496367131,981.9
AAA249,2,30.0,45.0,1800.0,600.0,981.6638956919309,982.02
AAA249,2,30.0,45.0,1800.0,700.0,982.4049545504498,983.22
AAA249,2,30.0,45.0,1800.0,800.0,983.1773846801441,983.76
AAA249,2,30.0,45.0,1800.0,900.0,983.7126550974317,984.54
AAA249,2,30.0,45.0,1800.0,1000.0,984.4931684819096,985.68
AAA249,2,30.0,45.0,1800.0,1100.0,985.2505659210573,986.04
AAA249,2,30.0,45.0,1800.0,1200.0,985.7932487893845,986.4
AAA249,2,30.0,45.0,1800.0,1300.0,986.3476428917902,987.12
AAA249,2,30.0,45.0,1800.0,1400.0,986.8770570628114,987.72
AAA249,2,30.0,45.0,1800.0,1500.0,987.4481239169627,988.38
AAA249,2,30.0,45.0,1800.0,1600.0,988.0645169039476,989.04
AAA249,2,30.0,45.0,1800.0,1700.0,988.7336952365046,989.88
AAA249,2,30.0,45.0,1800.0,1800.0,989.3546291722071,990.48
AAA249,1,30.0,45.0,0.0,200.0,978.977735033096,979.98
AAA249,1,30.0,45.0,0.0,300.0,979.9121019146038,980.46
AAA249,1,30.0,45.0,0.0,400.0,980.7945935281884,981.24
AAA249,1,30.0,45.0,0.0,500.0,981.3705139698493,981.78
AAA249,1,30.0,45.0,0.0,600.0,982.1218040326091,982.92
AAA249,1,30.0,45.0,0.0,700.0,982.6479374548749,983.64
AAA249,1,30.0,45.0,0.0,800.0,983.1514461691061,983.82
AAA249,1,30.0,45.0,0.0,900.0,983.9270220689875,984.96
AAA249,1,30.0,45.0,0.0,1000.0,984.6331621265499,985.44
AAA249,1,30.0,45.0,0.0,1100.0,985.3340501889445,986.22
AAA249,1,30.0,45.0,0.0,1200.0,986.0219057681252,986.82
AAA249,1,30.0,45.0,0.0,1300.0,986.4728613478698,987.36
AAA249,1,30.0,45.0,0.0,1400.0,987.0592807469435,987.9
AAA249,1,30.0,45.0,0.0,1500.0,987.4063464304288,988.08
AAA249,1,30.0,45.0,0.0,1600.0,987.9175786392811,988.86
AAA249,1,30.0,45.0,0.0,1700.0,988.1904580701671,989.22
AAA249,1,30.0,45.0,0.0,1800.0,988.8222108899174,990.24
AAA249,1,30.0,45.0,900.0,200.0,978.5601779799493,978.84
AAA249,1,30.0,45.0,900.0,300.0,979.6165678167446,980.1
AAA249,1,30.0,45.0,900.0,400.0,980.4897866332543,981.36
AAA249,1,30.0,45.0,900.0,500.0,981.2612492192965,981.78
AAA249,1,30.0,45.0,900.0,600.0,982.1129055334595,983.1
AAA249,1,30.0,45.0,900.0,700.0,982.7999335812375,983.7
AAA249,1,30.0,45.0,900.0,800.0,983.2725421277894,984.36
AAA249,1,30.0,45.0,900.0,900.0,984.0636647140749,984.9
AAA249,1,30.0,45.0,900.0,1000.0,984.6852516872922,985.5
AAA249,1,30.0,45.0,900.0,1100.0,985.3627468190863,986.22
AAA249,1,30.0,45.0,900.0,1200.0,985.9327185831764,986.82
AAA249,1,30.0,45.0,900.0,1300.0,986.4955156867813,987.42
AAA249,1,30.0,45.0,900.0,1400.0,986.9555623657378,987.78
AAA249,1,30.0,45.0,900.0,1500.0,987.4637968362042,988.14
AAA249,1,30.0,45.0,900.0,1600.0,987.8619648037889,988.86
AAA249,1,30.0,45.0,900.0,1700.0,988.3241732702987,989.28
AAA249,1,30.0,45.0,900.0,1800.0,988.9082844928149,990.24
AAA249,1,30.0,45.0,1800.0,200.0,978.6091134363378,978.84
AAA249,1,30.0,45.0,1800.0,300.0,979.7351131398375,980.04
AAA249,1,30.0,45.0,1800.0,400.0,980.6265729799821,981.48
AAA249,1,30.0,45.0,1800.0,500.0,981.1075024657671,981.72
AAA249,1,30.0,45.0,1800.0,600.0,982.1037421935386,982.92
AAA249,1,30.0,45.0,1800.0,700.0,982.7747336863201,983.64
AAA249,1,30.0,45.0,1800.0,800.0,983.2590989291797,984.36
AAA249,1,30.0,45.0,1800.0,900.0,983.9312945890248,984.84
AAA249,1,30.0,45.0,1800.0,1000.0,984.60353726381,985.38
AAA249,1,30.0,45.0,1800.0,1100.0,985.2447212031152,986.22
AAA249,1,30.0,45.0,1800.0,1200.0,986.10371512678,986.82
AAA249,1,30.0,45.0,1800.0,1300.0,986.4249819994113,987.3
AAA249,1,30.0,45.0,1800.0,1400.0,987.0768664960483,987.78
AAA249,1,30.0,45.0,1800.0,1500.0,987.4122259116417,988.08
AAA249,1,30.0,45.0,1800.0,1600.0,987.7152831703712,988.74
AAA249,1,30.0,45.0,1800.0,1700.0,988.326013790255,989.28
AAA249,1,30.0,45.0,1800.0,1800.0,988.8356429562692,990.24
AAA249,2,27.0,45.0,0.0,200.0,978.5302727564526,978.96
AAA249,2,27.0,45.0,0.0,300.0,979.4135349515058,980.16
AAA249,2,27.0,45.0,0.0,400.0,980.2854370029153,980.7
AAA249,2,27.0,45.0,0.0,500.0,981.0387539708908,981.72
AAA249,2,27.0,45.0,0.0,600.0,981.9813586768614,982.68
AAA249,2,27.0,45.0,0.0,700.0,982.8235287379881,983.46
AAA249,2,27.0,45.0,0.0,800.0,983.4516346508034,984.06
AAA249,2,27.0,45.0,0.0,900.0,983.9382793511331,984.84
AAA249,2,27.0,45.0,0.0,1000.0,984.6599185015755,985.68
AAA249,2,27.0,45.0,0.0,1100.0,985.4207115166253,986.16
AAA249,2,27.0,45.0,0.0,1200.0,985.9244441077818,986.64
AAA249,2,27.0,45.0,0.0,1300.0,986.4250448585263,987.3
AAA249,2,27.0,45.0,0.0,1400.0,987.0052679910262,987.72
AAA249,2,27.0,45.0,0.0,1500.0,987.5703851650011,988.56
AAA249,2,27.0,45.0,0.0,1600.0,988.123438182973,989.1
AAA249,2,27.0,45.0,0.0,1700.0,988.6496732994437,989.94
AAA249,2,27.0,45.0,0.0,1800.0,989.4227026913861,990.6
AAA249,2,27.0,45.0,900.0,200.0,978.4081517524938,978.96
AAA249,2,27.0,45.0,900.0,300.0,979.3634964001881,980.04
AAA249,2,27.0,45.0,900.0,400.0,980.3651981731794,980.7
AAA249,2,27.0,45.0,900.0,500.0,980.8686310227356,981.66
AAA249,2,27.0,45.0,900.0,600.0,981.8337961523745,982.08
AAA249,2,27.0,45.0,900.0,700.0,982.417386508489,983.4
AAA249,2,27.0,45.0,900.0,800.0,983.3054335830257,983.94
AAA249,2,27.0,45.0,900.0,900.0,983.9117131740577,984.66
AAA249,2,27.0,45.0,900.0,1000.0,984.7013868979859,985.74
AAA249,2,27.0,45.0,900.0,1100.0,985.3808259511939,986.16
AAA249,2,27.0,45.0,900.0,1200.0,985.8295018249516,986.58
AAA249,2,27.0,45.0,900.0,1300.0,986.4185363693005,987.06
AAA249,2,27.0,45.0,900.0,1400.0,986.9754631205676,987.72
AAA249,2,27.0,45.0,900.0,1500.0,987.5449032908158,988.56
AAA249,2,27.0,45.0,900.0,1600.0,988.0583750404758,989.1
AAA249,2,27.0,45.0,900.0,1700.0,988.7288114534754,989.82
AAA249,2,27.0,45.0,900.0,1800.0,989.459145211318,990.54
AAA249,2,27.0,45.0,1800.0,200.0,978.5198762399247,978.96
AAA249,2,27.0,45.0,1800.0,300.0,979.4480620586899,980.1
AAA249,2,27.0,45.0,1800.0,400.0,980.0940643172213,980.28
AAA249,2,27.0,45.0,1800.0,500.0,981.0251988615399,981.84
AAA249,2,27.0,45.0,1800.0,600.0,981.5938493080126,982.68
AAA249,2,27.0,45.0,1800.0,700.0,982.5734910588251,983.34
AAA249,2,27.0,45.0,1800.0,800.0,983.2550793216234,983.76
AAA249,2,27.0,45.0,1800.0,900.0,983.8303416368889,984.66
AAA249,2,27.0,45.0,1800.0,1000.0,984.5610674266878,985.62
AAA249,2,27.0,45.0,1800.0,1100.0,985.2894947339475,986.1
AAA249,2,27.0,45.0,1800.0,1200.0,985.7431473851397,986.4
AAA249,2,27.0,45.0,1800.0,1300.0,986.3784285413273,987.06
AAA249,2,27.0,45.0,1800.0,1400.0,986.8610917235317,987.66
AAA249,2,27.0,45.0,1800.0,1500.0,987.391810614168,988.2
AAA249,2,27.0,45.0,1800.0,1600.0,988.0116448400128,989.04
AAA249,2,27.0,45.0,1800.0,1700.0,988.6816013248114,989.82
AAA249,2,27.0,45.0,1800.0,1800.0,989.3289135962199,990.54
AAA249,1,27.0,45.0,0.0,200.0,978.5105373486389,978.78
AAA249,1,27.0,45.0,0.0,300.0,979.2918699840245,978.72
AAA249,1,27.0,45.0,0.0,400.0,980.586042499085,981.36
AAA249,1,27.0,45.0,0.0,500.0,981.3367068233484,981.96
AAA249,1,27.0,45.0,0.0,600.0,981.9437359732812,982.5
AAA249,1,27.0,45.0,0.0,700.0,982.6117108714298,983.7
AAA249,1,27.0,45.0,0.0,800.0,983.3966183462696,984.24
AAA249,1,27.0,45.0,0.0,900.0,984.1226962818585,985.02
AAA249,1,27.0,45.0,0.0,1000.0,984.8030594110202,985.5
AAA249,1,27.0,45.0,0.0,1100.0,985.3766144392874,986.16
AAA249,1,27.0,45.0,0.0,1200.0,986.0487901946076,986.88
AAA249,1,27.0,45.0,0.0,1300.0,986.5951328161557,987.42
AAA249,1,27.0,45.0,0.0,1400.0,987.0952203956459,987.84
AAA249,1,27.0,45.0,0.0,1500.0,987.45701811508,987.96
AAA249,1,27.0,45.0,0.0,1600.0,987.8495314369649,989.1
AAA249,1,27.0,45.0,0.0,1700.0,988.3729966375641,989.64
AAA249,1,27.0,45.0,0.0,1800.0,988.9224711692542,990.18
AAA249,1,27.0,45.0,900.0,200.0,978.9060370090957,978.9
AAA249,1,27.0,45.0,900.0,300.0,979.8357018546308,980.04
AAA249,1,27.0,45.0,900.0,400.0,980.7597757465609,981.3
AAA249,1,27.0,45.0,900.0,500.0,981.2905024891651,981.48
AAA249,1,27.0,45.0,900.0,600.0,981.9768473238598,982.8
AAA249,1,27.0,45.0,900.0,700.0,982.750769578183,983.22
AAA249,1,27.0,45.0,900.0,800.0,983.4094933247226,984.3
AAA249,1,27.0,45.0,900.0,900.0,984.1621618399236,984.96
AAA249,1,27.0,45.0,900.0,1000.0,984.6651440120479,985.44
AAA249,1,27.0,45.0,900.0,1100.0,985.3062077029456,986.16
AAA249,1,27.0,45.0,900.0,1200.0,985.8867792483104,986.58
AAA249,1,27.0,45.0,900.0,1300.0,986.5846969702557,987.42
AAA249,1,27.0,45.0,900.0,1400.0,987.0052418467918,987.84
AAA249,1,27.0,45.0,900.0,1500.0,987.4470655436492,988.14
AAA249,1,27.0,45.0,900.0,1600.0,987.7614058984602,988.8
AAA249,1,27.0,45.0,900.0,1700.0,988.3687641378226,989.64
AAA249,1,27.0,45.0,900.0,1800.0,989.0447144772838,990.24
AAA249,1,27.0,45.0,1800.0,200.0,978.7546652602836,978.54
AAA249,1,27.0,45.0,1800.0,300.0,979.7544455203193,980.22
AAA249,1,27.0,45.0,1800.0,400.0,980.7006910415275,981.42
AAA249,1,27.0,45.0,1800.0,500.0,981.3190216208765,981.54
AAA249,1,27.0,45.0,1800.0,600.0,981.8487200179339,982.74
AAA249,1,27.0,45.0,1800.0,700.0,982.6167638371893,983.22
AAA249,1,27.0,45.0,1800.0,800.0,983.3783081783091,984.48
AAA249,1,27.0,45.0,1800.0,900.0,984.2164155336891,984.96
AAA249,1,27.0,45.0,1800.0,1000.0,984.5923810739686,985.38
AAA249,1,27.0,45.0,1800.0,1100.0,985.3431314346991,986.22
AAA249,1,27.0,45.0,1800.0,1200.0,985.9129567126615,986.64
AAA249,1,27.0,45.0,1800.0,1300.0,986.5084712551524,987.36
AAA249,1,27.0,45.0,1800.0,1400.0,987.1433507129761,987.84
AAA249,1,27.0,45.0,1800.0,1500.0,987.405839046961,988.38
AAA249,1,27.0,45.0,1800.0,1600.0,987.9063590003792,988.86
AAA249,1,27.0,45.0,1800.0,1700.0,988.3120399575572,989.28
AAA249,1,27.0,45.0,1800.0,1800.0,988.7939295913633,990.0
AAA249,2,25.0,45.0,0.0,200.0,978.507625423312,979.14
AAA249,2,25.0,45.0,0.0,300.0,979.222549227484,979.02
AAA249,2,25.0,45.0,0.0,400.0,980.2649422090035,981.06
AAA249,2,25.0,45.0,0.0,500.0,981.0345196172186,982.02
AAA249,2,25.0,45.0,0.0,600.0,982.0234116258971,982.86
AAA249,2,25.0,45.0,0.0,700.0,982.7399112523334,983.4
AAA249,2,25.0,45.0,0.0,800.0,983.2969628974533,984.06
AAA249,2,25.0,45.0,0.0,900.0,983.9008208699635,984.84
AAA249,2,25.0,45.0,0.0,1000.0,984.7465081693509,985.74
AAA249,2,25.0,45.0,0.0,1100.0,985.4324558727535,986.16
AAA249,2,25.0,45.0,0.0,1200.0,985.8156581856612,986.58
AAA249,2,25.0,45.0,0.0,1300.0,986.5508106711392,987.3
AAA249,2,25.0,45.0,0.0,1400.0,987.0027763720922,987.66
AAA249,2,25.0,45.0,0.0,1500.0,987.5724275643294,988.56
AAA249,2,25.0,45.0,0.0,1600.0,988.100991772553,989.1
AAA249,2,25.0,45.0,0.0,1700.0,988.6899362854185,989.88
AAA249,2,25.0,45.0,0.0,1800.0,989.3746657050716,990.54
AAA249,2,25.0,45.0,900.0,200.0,978.4422028793168,978.6
AAA249,2,25.0,45.0,900.0,300.0,979.3921002780514,979.14
AAA249,2,25.0,45.0,900.0,400.0,980.271461820936,981.6
AAA249,2,25.0,45.0,900.0,500.0,980.9893667655043,981.66
AAA249,2,25.0,45.0,900.0,600.0,982.1113971257353,982.8
AAA249,2,25.0,45.0,900.0,700.0,982.7660893225617,983.46
AAA249,2,25.0,45.0,900.0,800.0,983.351708577584,983.82
AAA249,2,25.0,45.0,900.0,900.0,983.9116457291294,984.9
AAA249,2,25.0,45.0,900.0,1000.0,984.7405276577573,985.74
AAA249,2,25.0,45.0,900.0,1100.0,985.529824165118,986.16
AAA249,2,25.0,45.0,900.0,1200.0,985.8881900795919,986.4
AAA249,2,25.0,45.0,900.0,1300.0,986.4778190626937,987.3
AAA249,2,25.0,45.0,900.0,1400.0,986.9301254659417,987.72
AAA249,2,25.0,45.0,900.0,1500.0,987.5133292207622,988.56
AAA249,2,25.0,45.0,900.0,1600.0,988.0326304970216,989.1
AAA249,2,25.0,45.0,900.0,1700.0,988.6824786385124,989.88
AAA249,2,25.0,45.0,900.0,1800.0,989.3896117098113,990.48
AAA249,2,25.0,45.0,1800.0,200.0,978.3439452358327,978.96
AAA249,2,25.0,45.0,1800.0,300.0,979.2556099362365,979.2
AAA249,2,25.0,45.0,1800.0,400.0,980.3622956746483,981.48
AAA249,2,25.0,45.0,1800.0,500.0,981.0208081598316,981.78
AAA249,2,25.0,45.0,1800.0,600.0,981.9361531028885,982.74
AAA249,2,25.0,45.0,1800.0,700.0,982.738934064423,983.34
AAA249,2,25.0,45.0,1800.0,800.0,983.287464324679,983.7
AAA249,2,25.0,45.0,1800.0,900.0,983.8641241174895,984.78
AAA249,2,25.0,45.0,1800.0,1000.0,984.7785761149504,985.74
AAA249,2,25.0,45.0,1800.0,1100.0,985.3316240800352,986.1
AAA249,2,25.0,45.0,1800.0,1200.0,985.8677862004505,986.4
AAA249,2,25.0,45.0,1800.0,1300.0,986.3815957929381,987.18
AAA249,2,25.0,45.0,1800.0,1400.0,986.9108609417641,987.72
AAA249,2,25.0,45.0,1800.0,1500.0,987.4134007147493,988.26
AAA249,2,25.0,45.0,1800.0,1600.0,987.9603125299577,989.04
AAA249,2,25.0,45.0,1800.0,1700.0,988.6458761339911,989.82
AAA249,2,25.0,45.0,1800.0,1800.0,989.2991700409174,990.42
AAA249,1,25.0,45.0,0.0,200.0,978.1867778735574,978.54
AAA249,1,25.0,45.0,0.0,300.0,979.0780795853166,978.9
AAA249,1,25.0,45.0,0.0,400.0,980.6526168445007,981.18
AAA249,1,25.0,45.0,0.0,500.0,981.0368570754316,981.48
AAA249,1,25.0,45.0,0.0,600.0,981.8095080790175,982.62
AAA249,1,25.0,45.0,0.0,700.0,982.5535146223898,983.52
AAA249,1,25.0,45.0,0.0,800.0,983.3611299398391,983.82
AAA249,1,25.0,45.0,0.0,900.0,984.1230215910452,985.02
AAA249,1,25.0,45.0,0.0,1000.0,984.7189684733288,985.5
AAA249,1,25.0,45.0,0.0,1100.0,985.3332671896081,985.92
AAA249,1,25.0,45.0,0.0,1200.0,985.9511725045584,986.88
AAA249,1,25.0,45.0,0.0,1300.0,986.6558280298005,987.42
AAA249,1,25.0,45.0,0.0,1400.0,987.163515728009,987.84
AAA249,1,25.0,45.0,0.0,1500.0,987.4161026033669,988.14
AAA249,1,25.0,45.0,0.0,1600.0,987.9344579905905,988.86
AAA249,1,25.0,45.0,0.0,1700.0,988.4662386062342,989.34
AAA249,1,25.0,45.0,0.0,1800.0,988.993912353644,990.3
AAA249,1,25.0,45.0,900.0,200.0,978.3332718047953,978.9
AAA249,1,25.0,45.0,900.0,300.0,979.5020931752923,978.96
AAA249,1,25.0,45.0,900.0,400.0,980.6029921352554,981.24
AAA249,1,25.0,45.0,900.0,500.0,981.2259391168018,981.36
AAA249,1,25.0,45.0,900.0,600.0,982.01865740929,982.44
AAA249,1,25.0,45.0,900.0,700.0,982.6091576150711,983.64
AAA249,1,25.0,45.0,900.0,800.0,983.371646557523,984.24
AAA249,1,25.0,45.0,900.0,900.0,984.159276750692,985.08
AAA249,1,25.0,45.0,900.0,1000.0,984.7552002720347,985.5
AAA249,1,25.0,45.0,900.0,1100.0,985.3565950065679,986.16
AAA249,1,25.0,45.0,900.0,1200.0,985.9939225041189,986.88
AAA249,1,25.0,45.0,900.0,1300.0,986.5728330592096,987.36
AAA249,1,25.0,45.0,900.0,1400.0,987.0312232045183,987.72
AAA249,1,25.0,45.0,900.0,1500.0,987.4106262270012,987.96
AAA249,1,25.0,45.0,900.0,1600.0,987.8865149529602,988.86
AAA249,1,25.0,45.0,900.0,1700.0,988.5036265711025,989.76
AAA249,1,25.0,45.0,900.0,1800.0,988.959056430088,990.24
AAA249,1,25.0,45.0,1800.0,200.0,978.5372449199533,978.9
AAA249,1,25.0,45.0,1800.0,300.0,979.5825756268188,978.96
AAA249,1,25.0,45.0,1800.0,400.0,980.7762558341634,981.3
AAA249,1,25.0,45.0,1800.0,500.0,981.2666853813408,981.42
AAA249,1,25.0,45.0,1800.0,600.0,981.973896736233,982.62
AAA249,1,25.0,45.0,1800.0,700.0,982.5626413615876,983.64
AAA249,1,25.0,45.0,1800.0,800.0,983.4951220902974,984.36
AAA249,1,25.0,45.0,1800.0,900.0,984.094700325845,985.02
AAA249,1,25.0,45.0,1800.0,1000.0,984.7732730850645,985.5
AAA249,1,25.0,45.0,1800.0,1100.0,985.4982523854322,986.28
AAA249,1,25.0,45.0,1800.0,1200.0,985.9489242653834,986.82
AAA249,1,25.0,45.0,1800.0,1300.0,986.6595448044995,987.36
AAA249,1,25.0,45.0,1800.0,1400.0,987.1211547765283,987.84
AAA249,1,25.0,45.0,1800.0,1500.0,987.4604927781814,988.44
AAA249,1,25.0,45.0,1800.0,1600.0,987.8742198559064,989.1
AAA249,1,25.0,45.0,1800.0,1700.0,988.3778654755504,989.34
AAA249,1,25.0,45.0,1800.0,1800.0,989.0719485926463,990.3
AAA250,2,75.0,45.0,0.0,200.0,977.9353511509379,978.54
AAA250,2,75.0,45.0,0.0,300.0,979.0906505476756,979.26
AAA250,2,75.0,45.0,0.0,400.0,980.0173422974028,980.28
AAA250,2,75.0,45.0,0.0,500.0,981.1126519987857,982.02
AAA250,2,75.0,45.0,0.0,600.0,981.7552635338074,982.98
AAA250,2,75.0,45.0,0.0,700.0,982.5564524827131,983.4
AAA250,2,75.0,45.0,0.0,800.0,983.1388472432008,983.82
AAA250,2,75.0,45.0,0.0,900.0,983.8046727727922,984.78
AAA250,2,75.0,45.0,0.0,1000.0,984.6131595048649,985.74
AAA250,2,75.0,45.0,0.0,1100.0,985.5026664757545,986.22
AAA250,2,75.0,45.0,0.0,1200.0,985.9789694677535,986.7
AAA250,2,75.0,45.0,0.0,1300.0,986.5037417387937,987.36
AAA250,2,75.0,45.0,0.0,1400.0,987.0100262753684,987.72
AAA250,2,75.0,45.0,0.0,1500.0,987.5941694452075,988.56
AAA250,2,75.0,45.0,0.0,1600.0,988.054469026947,988.98
AAA250,2,75.0,45.0,0.0,1700.0,988.5330687336511,989.76
AAA250,2,75.0,45.0,0.0,1800.0,988.991174851965,990.18
AAA250,2,75.0,45.0,900.0,200.0,978.0066754816748,978.48
AAA250,2,75.0,45.0,900.0,300.0,979.0595226726898,979.2
AAA250,2,75.0,45.0,900.0,400.0,979.9194050271666,980.64
AAA250,2,75.0,45.0,900.0,500.0,981.1444871353107,981.72
AAA250,2,75.0,45.0,900.0,600.0,981.8364817800307,982.86
AAA250,2,75.0,45.0,900.0,700.0,982.7558000634729,983.58
AAA250,2,75.0,45.0,900.0,800.0,983.3478251954177,983.82
AAA250,2,75.0,45.0,900.0,900.0,983.9761405187129,984.84
AAA250,2,75.0,45.0,900.0,1000.0,984.7614523558495,985.74
AAA250,2,75.0,45.0,900.0,1100.0,985.5156425516805,986.22
AAA250,2,75.0,45.0,900.0,1200.0,985.9129357831309,986.76
AAA250,2,75.0,45.0,900.0,1300.0,986.6279908208664,987.3
AAA250,2,75.0,45.0,900.0,1400.0,987.0641082209262,987.84
AAA250,2,75.0,45.0,900.0,1500.0,987.6048863194478,988.62
AAA250,2,75.0,45.0,900.0,1600.0,988.065922127179,989.04
AAA250,2,75.0,45.0,900.0,1700.0,988.5080416388922,989.76
AAA250,2,75.0,45.0,900.0,1800.0,988.9991650872564,990.42
AAA250,2,75.0,45.0,1800.0,200.0,978.0176636356814,978.6
AAA250,2,75.0,45.0,1800.0,300.0,978.9926749887409,979.56
AAA250,2,75.0,45.0,1800.0,400.0,980.1400103067738,980.4
AAA250,2,75.0,45.0,1800.0,500.0,980.9671864961416,981.78
AAA250,2,75.0,45.0,1800.0,600.0,981.6179929030861,982.74
AAA250,2,75.0,45.0,1800.0,700.0,982.4101571265348,983.34
AAA250,2,75.0,45.0,1800.0,800.0,983.2263331849492,983.94
AAA250,2,75.0,45.0,1800.0,900.0,983.8193468369237,984.78
AAA250,2,75.0,45.0,1800.0,1000.0,984.6570223426788,985.68
AAA250,2,75.0,45.0,1800.0,1100.0,985.4230264333514,986.16
AAA250,2,75.0,45.0,1800.0,1200.0,985.9371388628655,986.58
AAA250,2,75.0,45.0,1800.0,1300.0,986.4672793993968,987.3
AAA250,2,75.0,45.0,1800.0,1400.0,987.0041430807378,987.84
AAA250,2,75.0,45.0,1800.0,1500.0,987.5097779846175,988.38
AAA250,2,75.0,45.0,1800.0,1600.0,987.9711709241673,988.98
AAA250,2,75.0,45.0,1800.0,1700.0,988.4648461837033,989.7
AAA250,2,75.0,45.0,1800.0,1800.0,989.0766125045486,990.36
AAA250,1,75.0,45.0,0.0,200.0,978.4917679110517,978.54
AAA250,1,75.0,45.0,0.0,300.0,979.6286155207639,980.94
AAA250,1,75.0,45.0,0.0,400.0,980.9197466574525,981.42
AAA250,1,75.0,45.0,0.0,500.0,981.2463503501849,981.48
AAA250,1,75.0,45.0,0.0,600.0,982.1110210355746,982.86
AAA250,1,75.0,45.0,0.0,700.0,982.6205879456015,983.28
AAA250,1,75.0,45.0,0.0,800.0,983.5903379519801,984.48
AAA250,1,75.0,45.0,0.0,900.0,983.9167768518417,984.9
AAA250,1,75.0,45.0,0.0,1000.0,984.5776306546859,985.5
AAA250,1,75.0,45.0,0.0,1100.0,985.2905635182645,986.28
AAA250,1,75.0,45.0,0.0,1200.0,985.9784950626076,986.82
AAA250,1,75.0,45.0,0.0,1300.0,986.5241751457695,987.48
AAA250,1,75.0,45.0,0.0,1400.0,987.0757445696801,987.96
AAA250,1,75.0,45.0,0.0,1500.0,987.4712098055927,988.5
AAA250,1,75.0,45.0,0.0,1600.0,988.0237227972133,989.1
AAA250,1,75.0,45.0,0.0,1700.0,988.4315482790347,989.76
AAA250,1,75.0,45.0,0.0,1800.0,988.8501379415436,990.0
AAA250,1,75.0,45.0,900.0,200.0,978.5373929862152,978.78
AAA250,1,75.0,45.0,900.0,300.0,979.7739880541216,980.1
AAA250,1,75.0,45.0,900.0,400.0,980.7752934046108,981.6
AAA250,1,75.0,45.0,900.0,500.0,981.3251916636312,981.66
AAA250,1,75.0,45.0,900.0,600.0,982.1635102454226,982.98
AAA250,1,75.0,45.0,900.0,700.0,982.7997123811089,983.64
AAA250,1,75.0,45.0,900.0,800.0,983.21371263976,984.36
AAA250,1,75.0,45.0,900.0,900.0,983.9682394852229,984.9
AAA250,1,75.0,45.0,900.0,1000.0,984.6258314321353,985.5
AAA250,1,75.0,45.0,900.0,1100.0,985.3936540830265,986.28
AAA250,1,75.0,45.0,900.0,1200.0,986.0590042494814,986.82
AAA250,1,75.0,45.0,900.0,1300.0,986.6147033064827,987.54
AAA250,1,75.0,45.0,900.0,1400.0,987.0959901470259,987.96
AAA250,1,75.0,45.0,900.0,1500.0,987.5388786114631,988.5
AAA250,1,75.0,45.0,900.0,1600.0,987.9310370156138,988.86
AAA250,1,75.0,45.0,900.0,1700.0,988.3845720023652,989.76
AAA250,1,75.0,45.0,900.0,1800.0,988.9059033995217,990.24
AAA250,1,75.0,45.0,1800.0,200.0,978.6145600871567,978.84
AAA250,1,75.0,45.0,1800.0,300.0,979.7249201588162,980.16
AAA250,1,75.0,45.0,1800.0,400.0,980.6083754667926,981.36
AAA250,1,75.0,45.0,1800.0,500.0,981.3661052935571,981.78
AAA250,1,75.0,45.0,1800.0,600.0,981.970808529205,982.8
AAA250,1,75.0,45.0,1800.0,700.0,982.782314059285,983.52
AAA250,1,75.0,45.0,1800.0,800.0,983.1868636624632,983.76
AAA250,1,75.0,45.0,1800.0,900.0,984.2042710983653,984.96
AAA250,1,75.0,45.0,1800.0,1000.0,984.7510582583895,985.44
AAA250,1,75.0,45.0,1800.0,1100.0,985.3388527707052,986.28
AAA250,1,75.0,45.0,1800.0,1200.0,985.9111870822834,986.76
AAA250,1,75.0,45.0,1800.0,1300.0,986.5861405294652,987.48
AAA250,1,75.0,45.0,1800.0,1400.0,987.0771438075545,988.02
AAA250,1,75.0,45.0,1800.0,1500.0,987.5216765453199,988.44
AAA250,1,75.0,45.0,1800.0,1600.0,987.8904463415421,988.8
AAA250,1,75.0,45.0,1800.0,1700.0,988.4369707527671,989.76
AAA250,1,75.0,45.0,1800.0,1800.0,989.0469240922746,990.24
AAA250,2,25.0,45.0,0.0,200.0,978.585756564251,979.02
AAA250,2,25.0,45.0,0.0,300.0,979.4579579011754,980.52
AAA250,2,25.0,45.0,0.0,400.0,980.186713127251,980.4
AAA250,2,25.0,45.0,0.0,500.0,981.201582468922,981.84
AAA250,2,25.0,45.0,0.0,600.0,981.9792058981947,982.74
AAA250,2,25.0,45.0,0.0,700.0,982.6978771754867,983.46
AAA250,2,25.0,45.0,0.0,800.0,983.4598333447926,984.0
AAA250,2,25.0,45.0,0.0,900.0,984.049339914448,984.96
AAA250,2,25.0,45.0,0.0,1000.0,984.841398851224,985.74
AAA250,2,25.0,45.0,0.0,1100.0,985.5040979505886,986.16
AAA250,2,25.0,45.0,0.0,1200.0,985.9698577716938,986.64
AAA250,2,25.0,45.0,0.0,1300.0,986.439915808608,987.12
AAA250,2,25.0,45.0,0.0,1400.0,987.0408584014625,987.72
AAA250,2,25.0,45.0,0.0,1500.0,987.5970293475432,988.56
AAA250,2,25.0,45.0,0.0,1600.0,988.1067731776175,989.1
AAA250,2,25.0,45.0,0.0,1700.0,988.651523829099,989.94
AAA250,2,25.0,45.0,0.0,1800.0,989.390788936889,990.6
AAA250,2,25.0,45.0,900.0,200.0,978.6007324932523,979.02
AAA250,2,25.0,45.0,900.0,300.0,979.6235395084946,980.52
AAA250,2,25.0,45.0,900.0,400.0,980.2728781223411,980.7
AAA250,2,25.0,45.0,900.0,500.0,981.0511014660796,981.66
AAA250,2,25.0,45.0,900.0,600.0,981.9864089438294,982.74
AAA250,2,25.0,45.0,900.0,700.0,982.7344119636982,983.46
AAA250,2,25.0,45.0,900.0,800.0,983.3514206488089,983.76
AAA250,2,25.0,45.0,900.0,900.0,984.0448324578779,984.78
AAA250,2,25.0,45.0,900.0,1000.0,984.7901938478099,985.74
AAA250,2,25.0,45.0,900.0,1100.0,985.4609060714942,986.16
AAA250,2,25.0,45.0,900.0,1200.0,985.9157602501297,986.52
AAA250,2,25.0,45.0,900.0,1300.0,986.4294991358736,987.3
AAA250,2,25.0,45.0,900.0,1400.0,986.9207162646826,987.78
AAA250,2,25.0,45.0,900.0,1500.0,987.4930821570414,988.26
AAA250,2,25.0,45.0,900.0,1600.0,988.0328431779809,989.1
AAA250,2,25.0,45.0,900.0,1700.0,988.6619353270349,989.94
AAA250,2,25.0,45.0,900.0,1800.0,989.4506512468797,990.54
AAA250,2,25.0,45.0,1800.0,200.0,978.4348323954208,978.96
AAA250,2,25.0,45.0,1800.0,300.0,979.4733256282709,979.86
AAA250,2,25.0,45.0,1800.0,400.0,980.2889466217348,981.24
AAA250,2,25.0,45.0,1800.0,500.0,981.0394181702185,981.72
AAA250,2,25.0,45.0,1800.0,600.0,981.6416279722814,982.74
AAA250,2,25.0,45.0,1800.0,700.0,982.7673307133828,983.4
AAA250,2,25.0,45.0,1800.0,800.0,983.4040009215954,983.94
AAA250,2,25.0,45.0,1800.0,900.0,984.1073978933201,984.78
AAA250,2,25.0,45.0,1800.0,1000.0,984.6418286396841,985.68
AAA250,2,25.0,45.0,1800.0,1100.0,985.351318234219,986.1
AAA250,2,25.0,45.0,1800.0,1200.0,985.794943073024,986.46
AAA250,2,25.0,45.0,1800.0,1300.0,986.4708967332706,987.06
AAA250,2,25.0,45.0,1800.0,1400.0,986.9522372590475,987.72
AAA250,2,25.0,45.0,1800.0,1500.0,987.4339596930236,988.2
AAA250,2,25.0,45.0,1800.0,1600.0,987.9830871999258,989.1
AAA250,2,25.0,45.0,1800.0,1700.0,988.6579392491374,989.82
AAA250,2,25.0,45.0,1800.0,1800.0,989.3705222819784,990.54
AAA250,1,25.0,45.0,0.0,200.0,978.8104810736976,978.84
AAA250,1,25.0,45.0,0.0,300.0,979.2378064210154,980.16
AAA250,1,25.0,45.0,0.0,400.0,980.8615453310073,981.3
AAA250,1,25.0,45.0,0.0,500.0,981.1824333860797,981.6
AAA250,1,25.0,45.0,0.0,600.0,982.0735077986484,982.62
AAA250,1,25.0,45.0,0.0,700.0,982.7996914191609,983.28
AAA250,1,25.0,45.0,0.0,800.0,983.1514247967733,984.24
AAA250,1,25.0,45.0,0.0,900.0,984.11938833103,984.9
AAA250,1,25.0,45.0,0.0,1000.0,984.7081502046511,985.32
AAA250,1,25.0,45.0,0.0,1100.0,985.2233448240523,986.1
AAA250,1,25.0,45.0,0.0,1200.0,985.807310762191,986.7
AAA250,1,25.0,45.0,0.0,1300.0,986.4401965449293,987.24
AAA250,1,25.0,45.0,0.0,1400.0,986.9440822399883,987.78
AAA250,1,25.0,45.0,0.0,1500.0,987.425784770656,988.14
AAA250,1,25.0,45.0,0.0,1600.0,987.74489809687,988.86
AAA250,1,25.0,45.0,0.0,1700.0,988.2633867605788,989.28
AAA250,1,25.0,45.0,0.0,1800.0,988.9276562248069,990.24
AAA250,1,25.0,45.0,900.0,200.0,978.6546845164214,978.42
AAA250,1,25.0,45.0,900.0,300.0,979.7702329603313,980.1
AAA250,1,25.0,45.0,900.0,400.0,980.4903696189755,981.3
AAA250,1,25.0,45.0,900.0,500.0,981.2830247247811,981.48
AAA250,1,25.0,45.0,900.0,600.0,981.8519225299445,982.86
AAA250,1,25.0,45.0,900.0,700.0,982.9297301285396,983.34
AAA250,1,25.0,45.0,900.0,800.0,983.3275398045974,984.36
AAA250,1,25.0,45.0,900.0,900.0,984.1305675463891,984.96
AAA250,1,25.0,45.0,900.0,1000.0,984.6686349248071,985.44
AAA250,1,25.0,45.0,900.0,1100.0,985.2893488348775,986.16
AAA250,1,25.0,45.0,900.0,1200.0,985.9604039427963,986.82
AAA250,1,25.0,45.0,900.0,1300.0,986.5993812890672,987.42
AAA250,1,25.0,45.0,900.0,1400.0,987.0227229411437,987.78
AAA250,1,25.0,45.0,900.0,1500.0,987.4763642491408,988.44
AAA250,1,25.0,45.0,900.0,1600.0,987.8365020831695,988.8
AAA250,1,25.0,45.0,900.0,1700.0,988.2779622291349,989.28
AAA250,1,25.0,45.0,900.0,1800.0,989.0332901845944,990.3
AAA250,1,25.0,45.0,1800.0,200.0,978.6912598673521,979.92
AAA250,1,25.0,45.0,1800.0,300.0,979.5416923493054,980.1
AAA250,1,25.0,45.0,1800.0,400.0,980.8190508915077,981.42
AAA250,1,25.0,45.0,1800.0,500.0,981.4255407483814,981.72
AAA250,1,25.0,45.0,1800.0,600.0,981.8218382282085,982.5
AAA250,1,25.0,45.0,1800.0,700.0,982.90947152187,983.7
AAA250,1,25.0,45.0,1800.0,800.0,983.545357914992,984.36
AAA250,1,25.0,45.0,1800.0,900.0,984.1725819702309,984.96
AAA250,1,25.0,45.0,1800.0,1000.0,984.7042602946492,985.44
AAA250,1,25.0,45.0,1800.0,1100.0,985.2700071109385,986.16
AAA250,1,25.0,45.0,1800.0,1200.0,985.9858203606126,986.82
AAA250,1,25.0,45.0,1800.0,1300.0,986.5908621949175,987.42
AAA250,1,25.0,45.0,1800.0,1400.0,986.9687090592302,987.78
AAA250,1,25.0,45.0,1800.0,1500.0,987.4727872099294,988.44
AAA250,1,25.0,45.0,1800.0,1600.0,987.868262251622,988.8
AAA250,1,25.0,45.0,1800.0,1700.0,988.4502314114943,989.64
AAA250,1,25.0,45.0,1800.0,1800.0,988.9252824805643,990.18
AAA250,2,0.0,45.0,0.0,200.0,978.867096062742,979.14
AAA250,2,0.0,45.0,0.0,300.0,979.6630774086203,980.16
AAA250,2,0.0,45.0,0.0,400.0,980.5881503854004,980.82
AAA250,2,0.0,45.0,0.0,500.0,981.6045408968249,982.02
AAA250,2,0.0,45.0,0.0,600.0,982.4401825081433,983.22
AAA250,2,0.0,45.0,0.0,700.0,983.2638569165749,983.76
AAA250,2,0.0,45.0,0.0,800.0,983.725770169209,984.66
AAA250,2,0.0,45.0,0.0,900.0,984.5878070670335,985.62
AAA250,2,0.0,45.0,0.0,1000.0,985.4352475005029,986.22
AAA250,2,0.0,45.0,0.0,1100.0,985.9066774422978,986.64
AAA250,2,0.0,45.0,0.0,1200.0,986.4869840759728,987.24
AAA250,2,0.0,45.0,0.0,1300.0,987.0831471763966,987.66
AAA250,2,0.0,45.0,0.0,1400.0,987.549080868241,988.32
AAA250,2,0.0,45.0,0.0,1500.0,988.0325673629844,988.92
AAA250,2,0.0,45.0,0.0,1600.0,988.5111798196609,989.64
AAA250,2,0.0,45.0,0.0,1700.0,989.0373994168197,990.0
AAA250,2,0.0,45.0,0.0,1800.0,989.5504123473296,990.6
AAA250,2,0.0,45.0,900.0,200.0,978.504905240216,978.78
AAA250,2,0.0,45.0,900.0,300.0,979.7497091477802,980.22
AAA250,2,0.0,45.0,900.0,400.0,980.6220642656,980.7
AAA250,2,0.0,45.0,900.0,500.0,981.3868916765742,982.08
AAA250,2,0.0,45.0,900.0,600.0,982.4443705671772,983.28
AAA250,2,0.0,45.0,900.0,700.0,983.1855440248507,983.82
AAA250,2,0.0,45.0,900.0,800.0,983.6491848548682,984.48
AAA250,2,0.0,45.0,900.0,900.0,984.655681522549,985.68
AAA250,2,0.0,45.0,900.0,1000.0,985.5402912186121,986.22
AAA250,2,0.0,45.0,900.0,1100.0,985.9243955372308,986.58
AAA250,2,0.0,45.0,900.0,1200.0,986.4801592982102,987.24
AAA250,2,0.0,45.0,900.0,1300.0,987.0169541940361,987.66
AAA250,2,0.0,45.0,900.0,1400.0,987.4598862359837,988.32
AAA250,2,0.0,45.0,900.0,1500.0,988.0051449966376,988.92
AAA250,2,0.0,45.0,900.0,1600.0,988.5040386514409,989.64
AAA250,2,0.0,45.0,900.0,1700.0,988.9963320918101,990.06
AAA250,2,0.0,45.0,900.0,1800.0,989.5052540495758,990.66
AAA250,2,0.0,45.0,1800.0,200.0,978.5387686217883,979.08
AAA250,2,0.0,45.0,1800.0,300.0,979.7721638911711,980.16
AAA250,2,0.0,45.0,1800.0,400.0,980.8034397120816,981.48
AAA250,2,0.0,45.0,1800.0,500.0,981.5742012137451,982.14
AAA250,2,0.0,45.0,1800.0,600.0,982.1585893159852,983.22
AAA250,2,0.0,45.0,1800.0,700.0,983.0597479868856,983.58
AAA250,2,0.0,45.0,1800.0,800.0,983.7680735411997,984.66
AAA250,2,0.0,45.0,1800.0,900.0,984.4909039284166,985.44
AAA250,2,0.0,45.0,1800.0,1000.0,985.3150721937869,986.1
AAA250,2,0.0,45.0,1800.0,1100.0,985.8399373541406,986.58
AAA250,2,0.0,45.0,1800.0,1200.0,986.4471617654331,987.24
AAA250,2,0.0,45.0,1800.0,1300.0,986.9479701578349,987.6
AAA250,2,0.0,45.0,1800.0,1400.0,987.4725101241775,988.26
AAA250,2,0.0,45.0,1800.0,1500.0,987.9656093120177,988.92
AAA250,2,0.0,45.0,1800.0,1600.0,988.4492277457667,989.64
AAA250,2,0.0,45.0,1800.0,1700.0,988.9091692257498,990.06
AAA250,2,0.0,45.0,1800.0,1800.0,989.4935723728943,990.6
AAA250,1,0.0,45.0,0.0,200.0,978.8124149842274,978.6
AAA250,1,0.0,45.0,0.0,300.0,979.7703779882253,980.88
AAA250,1,0.0,45.0,0.0,400.0,980.9538873353425,981.42
AAA250,1,0.0,45.0,0.0,500.0,981.3142628213267,981.48
AAA250,1,0.0,45.0,0.0,600.0,982.2061345863356,982.86
AAA250,1,0.0,45.0,0.0,700.0,982.7974424409514,983.58
AAA250,1,0.0,45.0,0.0,800.0,983.5393676767573,984.42
AAA250,1,0.0,45.0,0.0,900.0,984.327867053616,985.02
AAA250,1,0.0,45.0,0.0,1000.0,984.8557609124416,985.8
AAA250,1,0.0,45.0,0.0,1100.0,985.5703620321638,986.28
AAA250,1,0.0,45.0,0.0,1200.0,986.1360464458339,986.88
AAA250,1,0.0,45.0,0.0,1300.0,986.7581384746529,987.48
AAA250,1,0.0,45.0,0.0,1400.0,987.2690285003795,987.96
AAA250,1,0.0,45.0,0.0,1500.0,987.6232829121844,988.5
AAA250,1,0.0,45.0,0.0,1600.0,988.2391727856016,988.92
AAA250,1,0.0,45.0,0.0,1700.0,988.8262828453496,989.88
AAA250,1,0.0,45.0,0.0,1800.0,989.5194868495665,990.72
AAA250,1,0.0,45.0,900.0,200.0,978.6161379583704,978.84
AAA250,1,0.0,45.0,900.0,300.0,979.894346010456,981.3
AAA250,1,0.0,45.0,900.0,400.0,980.6918808827551,981.42
AAA250,1,0.0,45.0,900.0,500.0,981.1888691466954,981.78
AAA250,1,0.0,45.0,900.0,600.0,982.0818951417998,982.86
AAA250,1,0.0,45.0,900.0,700.0,982.7361037661307,983.7
AAA250,1,0.0,45.0,900.0,800.0,983.4222343791221,984.3
AAA250,1,0.0,45.0,900.0,900.0,984.260910552361,985.08
AAA250,1,0.0,45.0,900.0,1000.0,984.8554856543948,985.8
AAA250,1,0.0,45.0,900.0,1100.0,985.4620951596967,986.34
AAA250,1,0.0,45.0,900.0,1200.0,986.156921454388,986.88
AAA250,1,0.0,45.0,900.0,1300.0,986.7609382161855,987.48
AAA250,1,0.0,45.0,900.0,1400.0,987.2220583035224,987.96
AAA250,1,0.0,45.0,900.0,1500.0,987.6545259530005,988.44
AAA250,1,0.0,45.0,900.0,1600.0,988.1817297833469,989.22
AAA250,1,0.0,45.0,900.0,1700.0,988.8492133493737,990.18
AAA250,1,0.0,45.0,900.0,1800.0,989.6088774637632,990.78
AAA250,1,0.0,45.0,1800.0,200.0,978.8940624207514,978.54
AAA250,1,0.0,45.0,1800.0,300.0,980.0101308054261,980.16
AAA250,1,0.0,45.0,1800.0,400.0,980.7281175120017,981.42
AAA250,1,0.0,45.0,1800.0,500.0,981.6865792412499,982.44
AAA250,1,0.0,45.0,1800.0,600.0,982.0251122245382,982.8
AAA250,1,0.0,45.0,1800.0,700.0,982.9997659031035,983.58
AAA250,1,0.0,45.0,1800.0,800.0,983.5210720249377,984.36
AAA250,1,0.0,45.0,1800.0,900.0,984.3512748076595,985.08
AAA250,1,0.0,45.0,1800.0,1000.0,984.8436217500257,985.8
AAA250,1,0.0,45.0,1800.0,1100.0,985.5097965414458,986.28
AAA250,1,0.0,45.0,1800.0,1200.0,986.1718053036909,986.88
AAA250,1,0.0,45.0,1800.0,1300.0,986.7634282940438,987.48
AAA250,1,0.0,45.0,1800.0,1400.0,987.2046833261819,987.96
AAA250,1,0.0,45.0,1800.0,1500.0,987.6815303713491,988.44
AAA250,1,0.0,45.0,1800.0,1600.0,988.1672356445895,989.22
AAA250,1,0.0,45.0,1800.0,1700.0,988.9295498086352,990.18
AAA250,1,0.0,45.0,1800.0,1800.0,989.6370158387977,990.72
